symbol,avg_close,avg_volume,avg_high,avg_low,price_range,volatility,return_pct,Cluster,PCA1,PCA2
A,49.09772591857001,2191931.5670307847,49.485352432969215,48.68085988083416,37.220000000000006,9.375207644743712,19.14250133428215,0,-0.7903945133458222,-0.4787212899283679
AAL,42.424900297914604,9751521.264150944,43.03774349553128,41.79928490566038,30.49,6.063245429569446,105.16561514195584,0,-0.9782891212489621,1.030446625684896
AAP,143.18712015888778,1137306.708043694,144.71683376365442,141.66301479642505,121.0,24.61067025309583,-9.158009841443409,0,1.2052906930530687,-0.9314741244498425
AAPL,116.83989245283018,45169571.17080437,117.74701479642502,115.85608182720954,105.02259999999998,24.54727300537154,114.16503730139142,0,0.3015780989839772,4.210526752396315
ABBV,63.33830188679245,8408835.982125124,63.960244488579946,62.651795729890765,51.74999999999999,10.497341564259276,86.05232781839169,0,-0.5020207111256523,0.7134516723017595
ABC,87.02438927507448,2020126.5034756702,87.77417120158889,86.23506464746772,52.650000000000006,12.737800470819062,31.377879524967796,0,-0.10657036264473259,-0.4379920531589152
ABT,44.07256206554121,6877534.586891757,44.39680417080437,43.72454816285998,21.619999999999997,4.74223596819083,49.28066963117971,0,-1.0552892196053278,0.20555308516078888
ACN,105.22212512413108,2485149.1857000994,105.87584041708044,104.42684498510427,78.35,19.1826771654229,88.69715271786023,0,0.4626936300430631,0.1804891503580982
ADBE,97.39029781529294,2864825.352532274,98.17080675273088,96.44780863952333,127.31,31.242998889527723,195.56417608365663,0,0.961145365289265,1.3991732126785672
ADI,63.26042949354519,2521618.819265144,63.83225153922542,62.64162999006952,49.96999999999999,12.18839085526268,80.66152597402598,0,-0.40470730042192155,0.14865907059430022
ADM,43.85069513406157,3532299.542204568,44.23142760675273,43.4668002979146,23.2,4.47131212516885,-6.769016050244252,0,-1.0785260531096472,-0.6415476886293588
ADP,89.80608242303873,2075933.8550148958,90.37279294935452,89.12292144985105,47.489999999999995,11.005849685795281,46.7443025294265,0,-0.10962349217625894,-0.30203300735302946
ADS,250.67512413108244,628081.2919563059,253.26314359483612,247.93933128103276,132.79000000000002,30.73471644880359,-3.3772966379507454,0,2.8799648418755917,-1.1535174672618234
ADSK,68.50105739821251,2374625.424031778,69.22470625620656,67.67478490566039,87.60000000000001,21.74980216182739,112.85279187817258,0,0.08347347556995145,0.525733993219453
AEE,46.97239324726911,1622603.01489573,47.3015597815293,46.58534011916584,29.140000000000008,7.218612204525063,66.02870813397129,0,-0.8362225394463901,-0.07886857915491524
AEP,60.93477656405164,2652208.299900695,61.33908679245283,60.463154419066534,31.549999999999997,7.415017090607634,59.48406676783002,0,-0.6498886453423736,-0.08532986049699037
AES,12.210854021847071,5489659.383316782,12.340158589870903,12.074543594836147,7.030000000000001,1.5428079360619622,-24.106517168885773,0,-1.702117844522693,-0.5904958890055919
AET,112.62793942403178,2659575.2581926514,113.69551668321748,111.48451022840119,117.57999999999998,27.540091043083592,167.0071047957371,0,1.0190156393430634,1.0318479925302024
AFL,67.24328202581927,2000464.3008937438,67.6547046673287,66.8023090367428,34.03000000000001,7.927330124354729,33.080654942389344,0,-0.5638935039178473,-0.41470866620174673
AGN,244.7388977159881,3211514.722939424,247.75672423038728,241.84581420059584,175.92,40.393258665312445,-2.6599226420708115,0,3.168260742998013,-0.8125185448287295
AIG,57.8391857000993,7387528.882820258,58.25537080436941,57.40234935451837,20.32,4.743758306978115,17.491619010057182,0,-0.9182258966916789,-0.10041999997562873
AIV,39.276276067527306,1213160.9016881827,39.58431171797418,38.92445898709037,21.870000000000005,5.0402310621926345,68.69934388267079,0,-1.012069928899927,-0.086798381478022
AIZ,79.97883813306852,526565.9354518371,80.59671251241312,79.33429195630586,46.41,13.736858659302724,54.37844458052666,0,-0.1670690008733268,-0.3259213596069341
AJG,49.2938728897716,986975.1906653426,49.58915839126117,48.95598063555114,30.71999999999999,6.219799055754629,37.11809317443121,0,-0.8422464904416077,-0.4294636748451125
AKAM,59.22107140019861,2099811.7100297916,59.83978967229394,58.58079116186693,38.79,8.483233556236572,39.78078658929724,0,-0.6329091056344356,-0.3114696601606225
ALB,76.74591360476663,1234936.3803376365,77.52747050645482,75.92950794438929,102.80000000000001,25.524762685451037,102.54988913525497,0,0.35011615306856675,0.33651422083796523
ALGN,88.49089225422046,881906.6653426018,89.52816653426018,87.37390506454817,219.86,48.993265220342785,290.08075842696627,0,1.7929255041898267,2.3640010056558047
ALK,68.48764647467726,1470175.7904667328,69.31820953326714,67.61830685203574,63.64999999999999,15.44328734525064,100.90188576113692,0,-0.16108607660150878,0.2727108426538096
ALL,70.19203574975174,2282951.1946375375,70.58706425024826,69.75491757696128,55.36,12.161227757234546,95.53688141923435,0,-0.26042115863580395,0.2624357835359202
ALLE,64.29488579940417,710360.9572989077,64.83923018867925,63.698048659384305,45.910000000000004,10.452934141610855,82.26804123711341,0,-0.4172281197646194,-0.00998228141209254
ALXN,151.26601787487587,1833761.8172790466,153.6287064548163,148.81981559086395,110.14,25.39022729377389,-10.379196642685848,0,1.2650627279044195,-0.9107954515689382
AMAT,27.402373386295928,13382835.246276068,27.691321648460775,27.084824528301887,44.43,11.069415985320562,191.28205128205124,0,-0.9626866473850189,2.2778893347734654
AMD,5.908604766633565,33289509.07447865,6.033305064548163,5.785590566037736,13.579999999999998,4.166280428516887,160.253164556962,0,-1.86239544902604,3.71192964689319
AME,53.4995134061569,1336122.3763654418,53.865205660377356,53.08020734856008,28.990000000000002,6.065796103345762,39.1245920522173,0,-0.7983170228359048,-0.39228915896650485
AMG,179.7202979145978,472021.3426017875,181.5239061569017,177.87214508440914,110.22000000000001,26.492914591815143,-3.8101040397413044,0,1.7067013876256285,-1.0334824672934533
AMGN,153.96676514399206,3426952.028798411,155.43539702085403,152.3934477656405,80.71,18.483031885021692,50.17919599291852,0,1.0735722270287713,-0.2432805698264859
AMP,118.69837140019861,1116452.3664349553,119.73915680238332,117.61588381330687,95.42999999999999,18.0683557924577,48.81454162276081,0,0.6839890975179936,-0.35577829323901317
AMT,105.54317775571002,2139419.0963257197,106.32318699106256,104.7200819265144,73.89,17.616071361399584,79.57205789804907,0,0.40840032710761437,0.04683986699500369
AMZN,619.2447874875869,3880124.5670307847,624.6124300893744,613.351208142999,908.8799999999999,256.4503777165453,193.85883358042062,1,16.429974294931945,2.0304086588409067
ANDV,82.30499006951341,2422015.7805362465,83.43403813306853,81.08305273088381,70.77,16.653762085495917,97.27398205659075,0,0.07104182004999592,0.29845933566448674
ANSS,94.77696127110228,466012.74875868915,95.52601797418073,93.9248959285005,81.19000000000001,18.26543612565349,71.59632600860364,0,0.3222607872993427,-0.14061041101861504
ANTM,143.64688182720954,1857724.600794439,144.97706742800398,142.1773349553128,150.71,31.473156011322793,148.2731987200706,0,1.6782927476868763,0.7504785924581279
AON,104.9230486593843,1222668.8987090366,105.58705690168819,104.20782790466733,75.5,18.101253774569003,62.700339970859645,0,0.4090808552641386,-0.1948893404208215
AOS,39.156156901688185,1220657.5739821251,39.4789816285998,38.791120158887786,41.08,11.844543180649055,129.85746436609153,0,-0.7101620489074915,0.5711337395738058
APA,60.37595332671301,3959927.909632572,61.23035104270109,59.54075789473684,69.1,17.47650684165707,-50.608329433785684,0,-0.4283836386028133,-0.9690845057563738
APC,69.04409136047666,5323283.742800397,70.00116623634558,68.08470248262165,82.15,20.26160186860616,-31.720977596741346,0,-0.18472282965587483,-0.6577090593697082
APD,139.3037239324727,1325574.0417080438,140.2826142999007,138.23651886792453,60.870000000000005,11.808483923847843,47.23618090452263,0,0.668111470874565,-0.4722950117017029
APH,60.00145481628599,1216058.536246276,60.379069811320754,59.567260278053624,48.7,11.815176533366158,100.13676772281741,0,-0.42111012107304535,0.23150626749084388
APTV,85.1,2017035.7222222222,86.23833333333333,84.52388888888889,5.719999999999999,1.1947335415456144,-4.438436408696629,0,-0.6340475213514503,-0.8923522076343393
ARE,96.5791956305859,524500.3634558093,97.29029990069513,95.74297467725918,70.30000000000001,16.74607296918075,104.91134473560335,0,0.3031448754084956,0.17031214459443084
ARNC,32.74184707050645,6879965.9662363455,33.185302085402185,32.28629195630586,35.459999999999994,8.91106349705563,-13.738524849635962,0,-1.139659099631441,-0.35332428827887763
ATVI,35.58014399205561,7644870.510427011,35.96056941410129,35.15019245283018,50.06,14.507228160908106,250.41505257332597,0,-0.6026418170593111,2.358750613173801
AVB,168.91814299900696,765749.1132075472,170.2100235352532,167.51260973187686,81.57,18.00340971756902,50.888024357239516,0,1.3128890423998645,-0.5101120675173626
AVGO,148.079094836147,2889738.394240318,149.71650685203574,146.1904927507448,232.13,61.38944232214894,387.93922127255456,0,3.0081282026430993,3.426426366501994
AVY,67.63443892750745,769322.4399205561,68.11718718967231,67.08170824230386,75.82,17.27670898688427,131.52590203587985,0,-0.02845803453128395,0.537495231698199
AWK,63.77672293942403,963622.2552135055,64.20529195630586,63.27412284011917,51.09,14.023434759394494,120.03367003367002,0,-0.28645856769323846,0.4092247335573178
AXP,79.05051638530287,4826863.14796425,79.60790695134061,78.4954519364449,48.59,11.07121163958441,11.022917831190608,0,-0.3331089970751426,-0.3840087987298498
AYI,185.30670307845085,503364.8093346574,187.30135868917577,183.14634180734856,172.86999999999998,45.00228462561726,63.49280074314908,0,2.5388446796013278,-0.22560073478116202
AZO,660.2464250248263,321176.97120158887,665.8751640516385,654.5235341608739,341.87,100.87039050704523,50.04323891080129,1,11.010351070435021,-1.149850151923456
BA,154.99861966236344,3982024.1866931478,156.13191906653427,153.74660536246276,189.45999999999998,41.319169728577236,115.78254188922226,0,2.1507619692625894,0.6750108971763801
BAC,18.263083416087387,89362903.7020854,18.431695034756704,18.093716981132076,18.72,4.150541217312914,83.35403726708073,0,-2.5383541060617127,7.857962191635334
BAX,56.79632571996028,4298420.541211519,57.187406653426024,56.372069016881824,44.73,13.62604689852049,-6.576094811388924,0,-0.6255738407741682,-0.5391834889301914
BBT,39.86382820258193,4291543.842105263,40.15874568023833,39.54416057596822,20.17,4.4074317622449914,35.21892847429969,0,-1.1087586566412568,-0.1531660608669003
BBY,38.49752730883814,5377656.535253228,38.952778649453826,38.0107049652433,45.75,10.281946962659418,69.06172839506172,0,-0.858419930712638,0.3353253394051486
BDX,155.45870903674282,1109879.4726911618,156.47199036742802,154.26669056603774,122.81,29.67834800456497,96.1334066336815,0,1.6110825061239977,0.10103659153662377
BEN,45.13761668321748,2582417.9285004963,45.53640268123138,44.745363654419066,28.160000000000004,7.6905350596055335,-23.60719322990127,0,-0.981526124406334,-0.8742476790676803
BF.B,48.14575471698113,1057751.102284012,48.49976861966236,47.742060079443895,31.740000000000002,4.457218738531513,83.97856664434025,0,-0.8296907694335452,0.03545652217681681
BHF,59.54761538461538,1048437.9401709401,60.178139655172416,58.78783620689655,17.0,3.8597209394528664,-16.228571428571428,0,-0.8828820240436975,-1.0031911127440123
BHGE,33.96230158730159,3864731.0,34.46726984126984,33.54825238095238,27.95,3.2364435203348565,-45.14563106796116,0,-1.2663647467415309,-0.966974628700182
BIIB,310.474882224429,1730180.6683217478,314.5276326713009,306.51228639523333,251.38000000000002,43.765219046012135,13.641065886633614,0,4.563648380675408,-0.8543179866669263
BK,42.03567030784508,5424443.331678253,42.35162125124131,41.70067418073486,24.06,5.8290763365151514,55.8449074074074,0,-1.021905960908186,0.15557355140724025
BLK,359.9713008937438,620532.2522343595,362.7890954319762,356.9613079443893,232.47000000000003,47.86677101488556,64.22953964194375,0,5.306614188275175,-0.5796519879594539
BLL,35.321569016881824,2436812.0139026814,35.58036037735849,35.01534309831182,18.794999999999998,4.066502137360106,47.24761719509824,0,-1.1444813415795796,-0.18884883783048198
BMY,59.37400198609732,7921294.675273089,59.92812413108242,58.80971499503476,30.179999999999993,6.967926247803362,17.2374210828391,0,-0.8120565325710033,-0.038901344976349374
BRK.B,147.39700099304866,3538845.971201589,148.14990913604768,146.5342868917577,90.78,19.19199576216576,68.69787234042553,0,1.0689546317916363,-0.01952433754683761
BSX,19.45382323733863,9695616.141012909,19.61999116186693,19.265226216484606,18.43,5.3039007533444975,108.144416456759,0,-1.3667012618243197,1.0975402604763649
BWA,47.86523336643496,1947358.1936444887,48.36286683217478,47.33501757696127,39.69,10.61380020498833,-7.007644703312694,0,-0.8001648894777141,-0.7469443078065157
BXP,125.29719960278054,766978.3704071499,126.24574677259186,124.2536591857001,44.35000000000001,8.492062619744027,29.52485307301524,0,0.31312913509291057,-0.6937361293870978
C,53.8774180734856,19485211.842105262,54.34448272095332,53.40448470705064,42.12,8.54561484554859,42.35699253874113,0,-0.9262368884373797,1.2607404995953548
CA,30.98286494538232,2718395.8123138035,31.224657100297915,30.716097020854022,10.279999999999998,2.1065382241709276,0.39215686274510575,0,-1.3469921965610059,-0.6342636335380402
CAG,38.1977457795432,3292329.9652432967,38.47607428003972,37.890291161866934,20.419999999999998,5.1745629931328745,12.213285671730716,0,-1.1304560181800116,-0.4601804588985259
CAH,77.0733862959285,2289203.586891758,77.71710129096326,76.39948718967229,36.5,7.750663137968344,-7.349160743989101,0,-0.4731459634657335,-0.8122381470916138
CAT,92.68608738828202,5260017.3008937435,93.41807249255213,91.84476812313804,100.50999999999999,18.31694140759136,75.34216089907645,0,0.33053690256749163,0.3442444522283844
CB,119.656454816286,1613372.8679245282,120.36200268123137,118.86934826216483,63.0,15.949676465918945,43.68731563421828,0,0.47873590729226495,-0.40969325682196284
CBG,32.71029791459781,2188037.1181727904,33.00490546176763,32.38828709036743,20.880000000000003,4.377116972696707,64.42672741078209,0,-1.139184318321098,-0.030610667760216093
CBOE,69.36347567030785,756971.1181727905,69.90391151936444,68.71961072492552,80.86000000000001,17.548776307362267,144.38995684582193,0,0.042137356983061355,0.6657517805256402
CBS,57.13378351539225,5625879.418073486,57.73619920556107,56.551625024826215,30.840000000000003,6.27691794525448,-6.719367588932807,0,-0.8506238393313822,-0.4743576132637839
CCI,87.37488083416088,2424164.9314796426,88.0193442899702,86.70279175769612,45.07000000000001,9.854711649032987,54.976964958816154,0,-0.17175695005430142,-0.19192078906920204
CCL,49.82230387288977,3999016.5124131083,50.240141112214495,49.403742105263156,35.6,9.047700885151533,66.71690530017584,0,-0.7608598814654257,0.1451319773176023
CDNS,23.994364448857993,2835744.020854022,24.196190963257198,23.75426871896723,31.87,7.794782724165284,198.50107066381156,0,-0.9811710124843953,1.4013816102817303
CELG,108.89683406156902,5165598.175769613,110.20812224428997,107.51394458788481,78.07000000000001,16.84842655464653,21.391182970803772,0,0.34699224346276636,-0.2696167107426337
CERN,60.9162174776564,2148275.070506455,61.47278331678252,60.30515541211519,27.630000000000003,6.616124541578273,22.371527147267116,0,-0.7242902091699637,-0.5042670237566556
CF,41.821898709036745,4143026.1876861965,42.43870754716981,41.205653426017875,47.49,12.67139080213793,-8.981984680559716,0,-0.8373172203221131,-0.5397772640489279
CFG,28.289180825242717,5255591.29854369,28.600312742718447,27.957524514563104,24.490000000000002,6.159146767932969,81.8890814558059,0,-1.168588182359021,0.4353853791034071
CHD,43.212085402184705,1600977.9463753724,43.49027378351539,42.91113912611718,22.769999999999996,5.929481534086832,53.19083969465649,0,-0.9606002907871356,-0.2108748241621696
CHK,11.75811320754717,27885401.57199603,12.00117020854022,11.53850784508441,29.71,8.864951765030467,-85.12396694214875,0,-1.8387415044742472,0.8364998847354899
CHRW,69.22999602780536,1594421.9642502482,69.76745283018867,68.62839990069513,38.96,6.848226857329376,54.08163265306123,0,-0.5006839728280802,-0.2478654561878291
CHTR,224.25077944389275,1690510.4965243298,226.7224460774578,221.62336633565045,284.67,77.29034520952516,149.31171385106302,0,4.3525191549787845,0.8986936862946154
CI,132.1211122144985,1624901.9165839127,133.38106335650446,130.79405481628598,136.08999999999997,31.609220698324567,135.60324825986078,0,1.4355032263449718,0.6194509949014886
CINF,61.53297914597815,589876.1281032771,61.91283992055611,61.103710029791465,35.309999999999995,11.097701659345647,45.7142857142857,0,-0.5403371728435227,-0.38288048533065344
CL,68.88254220456803,3310711.1976166833,69.28522581926514,68.45155054617676,17.060000000000002,3.691748346896831,17.34059097978228,0,-0.7461906389443823,-0.49731969538547716
CLX,116.35375372393247,970822.6633565045,117.08129841112215,115.55342442899702,65.13,17.039780873521188,63.16366827555947,0,0.49791407638175106,-0.25786454096787825
CMA,53.21126613704072,1972468.061569017,53.74594707050645,52.65100595829196,56.72,12.809169852756833,85.29348986125935,0,-0.4838659468295206,0.18203670922879953
CMCSA,31.528865441906653,24603642.48957299,31.782287388282025,31.251022144985104,18.01,4.6055269097378275,55.68513119533526,0,-1.487096730662961,1.8557418891686663
CME,99.4330834160874,1553869.9364448858,100.17126901688184,98.56726365441908,86.46,19.77766023408691,87.3396613648025,0,0.4465848354646882,0.11146556221823431
CMG,516.8493545183713,902061.2055610724,522.650948857994,511.41705193644486,489.07,130.63510863862825,-44.78153716829375,1,10.224410535291227,-1.3701113277764438
CMI,136.1704865938431,1646010.4270109236,137.32175531281035,134.95813465739823,96.83,21.002503231984292,27.482678983833708,0,0.9547191124912552,-0.5494313037556074
CMS,38.092810327706054,2268865.547169811,38.34579195630586,37.78801469712016,24.429999999999996,6.550789197653969,79.84790874524712,0,-0.9873106817070708,0.12914471345971146
CNC,61.60918073485601,1717232.4468718967,62.39039771598808,60.756651638530286,75.19,17.586681767619854,241.73441734417344,0,0.01446939755066346,1.726080956216875
CNP,23.439607745779544,3795752.382323734,23.619515690168818,23.241108937437932,14.309999999999999,3.503928208839811,24.276950043821206,0,-1.3892090670524126,-0.27322473942651926
COF,78.9332373386296,3022717.4786494537,79.56516573982125,78.25188421052631,42.35,7.527813915883097,28.906148867313913,0,-0.38741328169747047,-0.3890901538594197
COG,27.226976166832173,6400357.367428004,27.62718679245283,26.826671102284013,26.58,5.493175217812232,-25.072046109510087,0,-1.333709619646631,-0.5189848453436904
COL,92.36867924528302,1079078.221449851,92.97358728897717,91.69016504468718,63.780000000000015,15.630533728429858,85.50129941184518,0,0.15907369696947488,0.025856072309411875
COO,173.65252234359482,480214.27010923537,175.16059433962263,171.96632889771598,137.60000000000002,34.079716193919516,77.06623323852094,0,2.006745629229976,-0.1528742380198901
COP,55.67301886792453,7909820.335650447,56.281848460774576,55.053153128103276,54.88000000000001,13.361342529011683,-21.33849240470049,0,-0.662933520808066,-0.35497965823027366
COST,147.772565938431,2428074.0764647466,148.70864508440914,146.73251420059583,82.54999999999998,18.737515572320284,57.98319327731093,0,1.0258194662374571,-0.2349684461177606
COTY,21.50159880834161,3173534.637537239,21.784662661370405,21.207310625620657,19.43,4.854471297315483,27.745664739884397,0,-1.3511582697270745,-0.2768611550520521
CPB,51.381946375372394,1739926.332671301,51.75187269116187,50.966860973187686,27.72,6.939681842896002,11.779739776951674,0,-0.8566682025808352,-0.6187304877159895
CRM,73.16794438927506,4952395.655412115,73.91726464746773,72.360127408143,59.669999999999995,13.317084329337161,86.34706525701787,0,-0.22379320307966083,0.408876372037535
CSCO,28.5043679245283,26250828.448857993,28.7072408142999,28.283957100297915,17.3901,3.680895019249744,74.09090909090908,0,-1.5497161937691344,2.1852068193553182
CSRA,28.722271028037383,1275567.5588785047,29.051621121495327,28.38610598130841,11.509999999999998,2.8810110148357215,-6.206896551724128,0,-1.3452185787475688,-0.8156049096357258
CSX,35.19489076464747,8025956.561072493,35.53051638530288,34.83002929493546,35.72,9.587716090860757,94.72566371681415,0,-0.9730773913078469,0.8163648453108011
CTAS,95.4701688182721,623357.5322740815,96.09918788480635,94.74333803376365,104.25999999999999,26.46267807847114,163.85032170673892,0,0.7181581717109289,0.8463624526834301
CTL,29.44526812313803,6729053.664349553,29.743095729890765,29.15546861966236,28.190000000000005,6.5507870907666526,-47.29857819905213,0,-1.3066811014635404,-0.7086649168457616
CTSH,58.63336643495531,4226123.110228402,59.142383118172795,58.08265998013903,32.36,7.726288805471369,43.70700121408335,0,-0.7128310750211354,-0.09454847571789778
CTXS,74.12949851042701,1906965.367428004,74.8215600794439,73.34690337636543,43.019999999999996,9.910763455863492,40.8225316050568,0,-0.3746140926597598,-0.3451056256543577
CVS,87.69543197616683,5591303.514399205,88.36351857000993,86.99180635551141,48.010000000000005,11.851236909679667,2.9829545454545374,0,-0.22247452342740776,-0.41529825297072376
CVX,107.04658391261172,7354249.023833168,107.85309364448858,106.17339672293942,64.83,12.65469925243753,0.8458192363460586,0,0.11816771902660501,-0.30932572533626845
CXO,119.91836146971201,1510154.005958292,121.67414965243297,118.0350498510427,81.39999999999999,15.303625286674256,45.64669381423308,0,0.566830380224915,-0.38352445655271544
D,73.1304965243297,2552334.6097318768,73.61480119165839,72.57403445878847,21.4,4.20556527426233,27.49292230261089,0,-0.6328037562228994,-0.4675355186919541
DAL,44.19964746772592,10436452.416087389,44.76152323733863,43.64478043694141,28.73,5.935892375212898,102.16606498194946,0,-0.9782646149466602,1.054003548669804
DE,95.07134061569016,2978777.7567030783,95.74419860973187,94.30140913604767,86.97,17.941120557230413,73.39906935519608,0,0.31686462607613275,0.10207000273161008
DFS,59.67093346573982,2979437.8649453823,60.13027974180735,59.18223714001986,34.25,6.041068355949532,38.945086705202314,0,-0.7098004480023515,-0.25991228272839084
DG,72.30958788480636,3635020.280039722,72.96419304865938,71.62225908639523,43.209999999999994,9.7726188037939,51.97712418300654,0,-0.4112816798235741,-0.07872169479979299
DGX,77.19682224428996,1329907.3714001987,77.78634349553127,76.56092810327706,60.36,16.167322017694808,86.35761589403972,0,-0.05973282401579238,0.09423330207242415
DHI,29.428579940417084,4969840.962264151,29.749758788480634,29.075540913604765,31.960000000000004,6.211684083595078,133.94411360513055,0,-1.0455738709581257,0.929862683904731
DHR,84.31974874371859,2960003.568844221,84.81006458752515,83.77790674044266,31.11,6.668757077819191,21.412688031393053,0,-0.3949301804059923,-0.4985080585862656
DIS,99.02690168818272,7642072.732869911,99.69408331678252,98.31264448857993,51.7,10.766036082776868,40.959748262750765,0,-0.04954847785244602,0.11000402214810111
DISCA,36.17083416087388,3405331.9443892753,36.616409632571994,35.72395441906654,72.82,18.94443542305535,-74.88215488215488,0,-0.7380048673736893,-1.1846079686603472
DISCK,34.62025322740814,1962736.5640516386,35.039258589870904,34.220137040714995,68.83,17.84915719954368,-74.3456131846825,0,-0.7798994338519516,-1.3116670901593974
DISH,59.89198113207547,2246613.174776564,60.59181668321748,59.17788232373387,39.699999999999996,7.756395131119968,-17.316017316017316,0,-0.7057107392524052,-0.8669143406596045
DLR,83.38867924528302,1368729.1986097319,84.09819841112215,82.56145710029791,76.57000000000001,22.046821875601697,130.24054982817873,0,0.27419069687730085,0.5605088382461315
DLTR,74.13921648460776,2691963.6901688185,74.87938679245282,73.35898093346573,59.779999999999994,13.216224918870346,90.26595744680851,0,-0.17549545874739694,0.2458992175651145
DOV,76.20427010923535,1433598.3485600795,76.87771866931479,75.4839766633565,48.79,10.558190343922577,6.0262467191601,0,-0.3406364536938496,-0.7267128003066556
DPS,80.67895729890765,1369705.2591857002,81.20283674280039,80.09928520357498,51.66,14.154209063030128,103.60813929095866,0,-0.0735990714613801,0.24044699480500864
DRE,22.488828202581928,2492055.8341608737,22.662981827209535,22.292209334657397,15.610000000000001,4.252163829613773,80.79734219269102,0,-1.2933270755688855,0.1779336096503912
DRI,65.81614697120159,1668822.031777557,66.38592562065541,65.23149831181728,53.74,12.46546593610612,80.08252063015753,0,-0.33374117671323894,0.06665720000965582
DTE,88.6408142999007,1031724.9205561073,89.22185700099305,87.96878589870904,50.89,12.756945924333689,67.72908366533862,0,-0.03430650481626505,-0.17165025981260737
DUK,77.89107249255213,3123601.263157895,78.39955501489572,77.32400983118173,25.260000000000005,5.8840787338741,23.437041385383033,0,-0.528194261116032,-0.45753871251251665
DVA,70.27679245283018,1377418.7845084409,70.8129489572989,69.71186335650447,30.340000000000003,6.8551970924666845,11.531336832355663,0,-0.5793528493042955,-0.6992289652131477
DVN,48.512328699106256,5519452.315789473,49.22038490566038,47.817329294935455,60.85,15.154785817200024,-32.30869849574886,0,-0.6774940226245758,-0.6404029834041932
DWDP,70.4710843373494,7645956.759036144,70.9628686746988,70.00163012048192,8.639999999999986,1.6789071736336476,6.013694551949973,0,-0.8794346850815484,-0.2505299920438344
DXC,84.02365079365079,2038838.4814814816,84.70026243386243,83.31482116402117,31.069999999999993,7.576823416853028,39.66151582045622,0,-0.34636107474426536,-0.394214739050999
EA,68.95858301886793,3551909.0566037735,69.67293177755711,68.14109225422045,100.43,26.430878178749918,360.18396846254933,0,0.534708986652439,3.1077295946194736
EBAY,39.91804071499503,10904865.88182721,40.27778480635551,39.53812929493545,44.28,12.804145359569938,-30.033370411568406,0,-0.9971893601332666,-0.15089067693307515
ECL,116.57890764647469,1106049.0456802384,117.31499652432969,115.78002144985105,39.389999999999986,9.046573167886242,29.2802774833799,0,0.17340635503255897,-0.6466119963774074
ED,68.95883813306853,1997109.7239324728,69.40153783515392,68.42518013902682,37.199999999999996,9.941950975808684,57.431430689399555,0,-0.4555734527877462,-0.165834471960663
EFX,104.9335650446872,836199.2264150943,105.66440744786495,104.06022631578946,81.17,23.134704918616492,72.2717311906501,0,0.5512862568150576,-0.10436725381849807
EIX,66.545317775571,2056768.6037735848,67.0268131082423,65.9957588877855,37.57,9.2665952015042,39.20316971164429,0,-0.5232757593426491,-0.33732126226461845
EL,86.15732869910624,1840636.7944389274,86.7677495531281,85.52056454816285,64.26,12.704239282214525,72.62243928910597,0,-0.0066535695684155115,-0.03185732957530765
EMN,77.39430983118173,1351735.2115193645,78.08551022840119,76.6653600794439,34.99,7.664223844104307,15.396113602391628,0,-0.4369006949526635,-0.6727928747636838
EMR,57.929796425024826,3874576.0367428004,58.37854875868918,57.46834319761668,27.690000000000005,6.566609128809485,0.5627705627705636,0,-0.8169036743234696,-0.5604442878829914
EOG,90.94155908639523,3972735.334657398,92.03290863952333,89.81488798411122,57.74,10.984271585709395,30.784147376075616,0,-0.08810362691842136,-0.28506794256880214
EQIX,309.1710566037736,687478.9384309831,311.9044819265144,305.9643730883813,322.5,89.4505791677455,159.33852140077823,0,5.974823259620885,0.7895736084916924
EQR,68.07237338629594,1887416.4766633564,68.59495143992055,67.49579205561072,29.979999999999997,6.5345216799770505,22.658203500673206,0,-0.6111617328048878,-0.5406490150501887
EQT,74.94700099304866,2016539.4041708044,75.9665921549156,73.94094836146972,62.09,15.33544288542219,-35.85033246928885,0,-0.25864273816013217,-1.0492297799391819
ES,53.033405215646944,1588160.1023069208,53.393050451354064,52.61615125376128,24.29,6.062752264804346,51.43815915627996,0,-0.8169009803101872,-0.2522667264964845
ESRX,74.27691310824231,4316552.897715988,74.94491320754717,73.5759871896723,37.269999999999996,8.665042720871044,6.697162461582449,0,-0.501022706861352,-0.48278834651249214
ESS,219.03543197616682,403199.6871896723,220.8060524329692,217.10698321747765,123.08999999999997,26.84382342829712,64.98291182501707,0,2.4071533329052093,-0.44535436378776566
ETFC,28.98237338629593,3348223.8470705063,29.31581717974181,28.61929662363456,31.5,7.1950114170761,150.2271580010096,0,-0.9925580750411995,0.9534293581886991
ETN,67.71670307845085,2811855.002979146,68.26145551142005,67.1245055610725,34.24,7.706414091219608,4.6628692542058685,0,-0.6070714078511537,-0.6261466366778973
ETR,75.08829195630587,1433531.571002979,75.65399741807349,74.46441996027805,30.639999999999993,6.222323457272465,31.613842173350577,0,-0.49957526796787594,-0.5108799200789516
EVHC,54.21773062730627,2251497.6088560885,54.98322546125461,53.448010701107016,47.690000000000005,12.689453470024233,-50.56501215848949,0,-0.6901523130260104,-1.1485549838116618
EW,80.826772591857,1967245.411122145,81.6583498510427,80.01178818272095,89.275,26.120190784357955,241.95995145631065,0,0.5120841872244748,1.7562971991660306
EXC,34.13588877855015,6448901.04468719,34.432061271102285,33.8156454816286,16.93,3.1882716201727934,45.04968715495029,0,-1.245363607557648,0.139214255716049
EXPD,49.016228401191654,1360566.5223435948,49.36856484607746,48.5842819265144,27.15,5.883606133373612,48.746838353644506,0,-0.8615778331914986,-0.2863481396010854
EXPE,108.75584309831183,2144959.3833167823,109.94156653426018,107.48182125124131,96.22999999999999,22.98096236167661,73.05302701921688,0,0.6605283271269047,0.023899497014094835
EXR,71.68285004965244,954868.2045680238,72.31489801390268,70.99177249255214,52.589999999999996,13.408851632698111,109.26058865757359,0,-0.19465352429084873,0.2803747103085135
F,13.832264150943397,32914300.938430984,13.954487884806355,13.707584905660378,7.279999999999999,1.8639596466527324,-19.106217616580306,0,-2.046114495484474,1.8687842439543916
FAST,44.631549155908644,2569519.9781529293,45.04224230387289,44.17886981132075,19.64,3.7887115123448134,17.10920770877943,0,-1.0561482450060184,-0.49929545462248415
FB,107.73804260178748,29227823.607745778,108.69935938430983,106.64923475670308,129.5,34.96103936351294,222.5370133430817,0,0.8546621221515291,3.977903397173704
FBHS,52.33926017874876,1339359.489572989,52.80740834160874,51.83517964250248,32.54999999999999,8.683707149294285,50.649350649350644,0,-0.7317744270150784,-0.25896984832517334
FCX,18.2059682224429,25619817.831181727,18.509402780536245,17.91553296921549,35.3,9.379084416086608,-49.61466914695722,0,-1.6361811275781677,0.9799043253609684
FDX,171.10896722939424,1707865.7090367428,172.38295292949354,169.78080675273088,127.88999999999999,26.561822805324848,78.53616655934748,0,1.7636254299299243,-0.06991034508813185
FE,33.09454816285998,3820869.3475670307,33.38909006951341,32.78574419066535,13.209999999999997,2.34966563532498,-5.435453983940708,0,-1.3207677129508468,-0.596034938702945
FFIV,119.13530794438927,1016062.3306852035,120.2707859980139,117.88357656405164,61.83,13.14991855471136,47.62065474181573,0,0.42487182967882975,-0.4365103922762621
FIS,69.91315292949355,1576919.7765640516,70.34519225422046,69.40208947368421,47.75000000000001,12.566697545150877,77.52830188679246,0,-0.30778829865943896,0.016976040313533645
FISV,92.37373386295928,1068542.3316782522,92.94370297914598,91.68522472691161,77.94,22.74519077061181,125.30927835051544,0,0.41664030327203494,0.4670683866207763
FITB,21.705866931479644,7337367.6583912615,21.91348897715988,21.49046087388282,17.42,3.566864340680742,45.376137997125056,0,-1.4190576269785127,0.2548163137217804
FL,57.95892750744787,2479203.148957299,58.57740754716981,57.314044985104275,49.96000000000001,11.598681132680674,14.958312898479651,0,-0.5699781933645881,-0.49346544900959316
FLIR,33.57304369414101,907437.1181727905,33.8742140019861,33.24669324726912,21.8,4.230760180610853,60.15115080728272,0,-1.1129556280619815,-0.1874299976845057
FLR,55.76412115193644,1486154.4995034756,56.341424528301886,55.191454021847065,46.42000000000001,11.240002343466536,-34.512488905794356,0,-0.6724891666213955,-1.0694698819237838
FLS,53.50295928500497,1317027.775571003,54.0646722939424,52.94142701092353,46.15,12.337357224367004,-45.49805950840879,0,-0.6953189736751623,-1.1821636942260805
FMC,60.31719960278053,1226765.329692155,60.92205143992056,59.72783743793446,62.61000000000001,15.915048847676706,27.009258016905935,0,-0.3580165902257247,-0.4567369594839887
FOX,30.148541211519362,3815001.3992055613,30.434652234359486,29.842149851042702,13.374999999999996,3.08917366852591,-2.625570776255713,0,-1.3428887574956985,-0.5575344813905269
FOXA,30.5559682224429,12038988.197616683,30.85877537239325,30.24150148957299,15.439999999999998,3.4971405077004873,-3.0872859949480813,0,-1.4334621067380438,0.16435668507107168
FRT,135.73633565044688,424499.8411122145,136.75772353525323,134.63144051638528,69.44999999999999,13.744924130110524,31.625371655104058,0,0.6926684235866507,-0.6783331517815133
FTI,37.33399205561073,3265395.092353525,37.81768023833168,36.87077100297915,40.75,11.134688162185864,-38.90731707317073,0,-0.9877353878863797,-0.9155981070462931
FTV,60.196507936507935,1509497.4788359788,60.66596631299735,59.750204244031835,27.160000000000004,7.896422853035553,46.04360113039967,0,-0.6735134689885885,-0.3192092872527115
GD,150.58344587884807,1535392.6921549155,151.57427706057595,149.48651598808343,119.40000000000002,30.29784545979739,114.72295514511872,0,1.5558318629126546,0.33391008906612457
GE,27.279270109235352,41443942.51936445,27.471322542204568,27.08298470705065,15.57,3.0253759256629293,-36.54545454545455,0,-1.9359617563718463,2.4265213740499894
GGP,25.509622641509434,4759001.089374379,25.745730188679246,25.260585998013905,12.959999999999997,2.861975651334364,16.716566866267474,0,-1.4024780967043913,-0.27299906417738373
GILD,88.01920556107248,11462190.735849056,89.00872254220457,87.02040923535253,58.08999999999999,15.057217345820348,-4.746709214200231,0,-0.19624167623780603,0.04979634450787269
GIS,56.99880834160874,3306504.060575968,57.35532562065541,56.603661866931475,25.78,5.2264124452365435,20.020242914979757,0,-0.8332795590244674,-0.42413228093996536
GLW,22.71893743793446,8809419.79344588,22.908341906653426,22.522595134061568,16.67,4.250193278619788,80.02250984805852,0,-1.3732416697151228,0.7264629267511888
GM,34.45324726911618,14941006.449851044,34.78089980139027,34.11658679245283,19.58,3.522138882495186,0.0976800976800956,0,-1.394438091867817,0.4455948134486409
GOOG,714.4968481559537,1809883.4826132772,719.8423409905163,708.6902025289778,584.5900000000001,154.75418610343783,87.37241700390359,1,14.04745475097993,-0.2755324154329924
GOOGL,722.5590169811321,2107183.871896723,728.0926908639524,716.6594950347567,588.03,156.88389628748496,89.08070590608862,1,14.215473414884649,-0.23953614985570443
GPC,91.50858987090366,740102.2780536247,92.15442135054617,90.79245819265144,30.909999999999997,6.19630424365501,15.979003906250004,0,-0.28182190930687046,-0.7683560121295293
GPN,62.72900198609732,1373203.1857000992,63.27230933465739,62.11576951340616,72.465,20.981674616287762,206.31016042780743,0,0.04212290184404809,1.3561226694746915
GPS,31.497745779543198,5419374.817279046,31.863670804369413,31.131279245283018,29.500000000000004,7.873159261843064,-12.035123966942141,0,-1.1845531849319324,-0.4730405904591934
GRMN,48.745623138033764,1338494.6216484609,49.20904280039722,48.26869652432969,30.64,7.0677001020020755,32.5250278086763,0,-0.844401629627501,-0.43860637324882645
GS,192.23349553128105,3176691.2075471696,193.8416183714002,190.61806256206555,121.5,30.088038720584954,44.021708406354236,0,2.027574591425328,-0.3261108610623031
GT,29.51320248262165,3447586.0168818273,29.857645779543198,29.162654121151935,17.250000000000004,3.5289636026278073,37.31406714832129,0,-1.2689448800685081,-0.18739796060264569
GWW,225.18,675196.2850049653,227.19916772591856,223.03893286991064,112.97000000000003,25.500738444849045,-6.642693432387577,0,2.3225570510935403,-1.1620733102854481
HAL,47.051896722939425,10880856.0,47.64687050645482,46.46115302879841,45.53999999999999,9.585899584918783,-2.279544091181765,0,-0.9192112012234699,0.08896425547880903
HAS,75.67575868917577,1274801.165839126,76.33775839126118,74.97768609731877,67.87,16.97824790591285,66.52620007328693,0,-0.05086103437552737,-0.09083011698128457
HBAN,11.04926891757696,10356219.774577955,11.155219860973187,10.9357865938431,6.844999999999999,1.656812988404499,52.62054507337528,0,-1.6892909631837738,0.599000963047437
HBI,25.622959285004963,4024538.08142999,25.899107547169812,25.343733962264153,18.537499999999998,4.378123970586006,20.258806613946806,0,-1.3289465462029715,-0.28978250139962125
HCA,73.68583912611717,3147744.2055610726,74.4837673286991,72.81599990069513,47.160000000000004,10.89636954450594,83.88109692275486,0,-0.30461739157138373,0.19967743834634868
HCN,68.58940913604766,2169049.6425024825,69.13436742800398,67.98792492552136,31.260000000000005,5.848163215528686,19.1072095629436,0,-0.6190094035588526,-0.5541807642761796
HCP,36.207259185700096,3450969.7715988085,36.52255114200596,35.874718172790466,23.0,5.385245603876232,-27.975697321182004,0,-1.1927480577982719,-0.8344725978890715
HD,121.71123138033764,5291993.037735849,122.5363314796425,120.81315988083416,115.39000000000001,26.721507608290505,131.07778590587662,0,1.0366651977828873,0.878843779426411
HES,62.614736842105266,3732980.9433962265,63.46079076464747,61.7838769612711,66.72,17.106096070367773,-41.481755424063124,0,-0.402213084738071,-0.9089046703375275
HIG,43.95414101290963,2921863.2691161865,44.271945382323736,43.60981787487587,25.47,6.156052835453815,58.98305084745764,0,-0.9434668847982636,-0.03541671293621
HII,147.0922939424032,333140.6494538232,148.36502552135053,145.6351025819265,164.05,43.732827166433914,168.11511773404618,0,2.074109420601844,0.8759211783192964
HLT,64.51728,2588031.752,64.964472,64.0237456,25.050000000000004,6.6368026941899165,37.689655172413794,0,-0.6743294103155318,-0.32613784418596936
HOG,56.295590863952334,2292037.2383316783,56.85342264150943,55.713318172790466,36.449999999999996,8.044102764616419,-25.78763127187865,0,-0.7774883079795957,-0.9394717491748299
HOLX,34.47488182720953,2559188.204568024,34.79226047666335,34.12274389275075,26.380000000000003,6.965891995229485,94.84958979033728,0,-1.0047769076035822,0.31622767868226864
HON,110.68565044687189,2996014.2264150945,111.35135858987091,109.9652402184707,70.85000000000001,16.468680853505877,69.79627989371127,0,0.4179554503838886,0.003722145084348795
HP,70.10778550148957,1898833.7924528301,71.1443283018868,69.01937149950348,75.95,18.611141972713497,-21.41033434650456,0,-0.1731383215696073,-0.8741520357557102
HPE,18.132576576576575,11674529.385585586,18.34523981981982,17.89883135135135,12.72,3.5653325816621813,-13.23262839879155,0,-1.625025606709526,0.06140447427458989
HPQ,15.623585585585586,12735119.221621621,15.780463243243243,15.444162162162163,13.440000000000001,3.3685514580340943,69.29895245769542,0,-1.572243211440161,0.9764329681767774
HRB,28.885481628599802,2937154.203574975,29.171332671300892,28.58288530287984,17.939999999999998,4.62105886472169,-10.755616065350578,0,-1.3056924435510548,-0.6997211143707052
HRL,31.74857994041708,2185867.6206554123,31.994737835153924,31.480845183714003,22.919999999999998,5.621641773710187,63.07416535962357,0,-1.119866186772269,-0.0336318473817473
HRS,88.76970208540219,814584.7884806355,89.39446434955313,88.06938798411122,82.97999999999999,20.2586825680808,106.84871495327101,0,0.3256021101396345,0.2651219136740166
HSIC,74.1462959285005,1075231.1966236345,74.70531906653426,73.53075243296921,38.18,10.619995102772725,23.147413869063353,0,-0.39552852857144294,-0.5947648252514638
HST,18.936459781529294,7882477.854021847,19.125806057596822,18.73747576961271,11.509999999999998,2.483360631075822,3.063343717549324,0,-1.5680212277170034,-0.11961907116283273
HSY,99.42476663356506,1188105.4528301887,100.08178123138035,98.68415561072493,32.64,7.831546577108659,18.325862608151773,0,-0.13575967316926296,-0.7164910448879478
HUM,177.05759682224428,1398356.8460774578,178.82916583912612,175.19521549155908,165.27,41.577228505554395,141.21936989498246,0,2.4049881516565157,0.6179085144979901
IBM,161.45825719960277,4304876.615690169,162.520491857001,160.38745541211517,79.92000000000002,17.001427599582367,-17.307174041933926,0,1.0492940420879466,-0.8600604237305046
ICE,50.887019880715705,3598467.2296222663,51.29982147117296,50.45325884691849,35.379999999999995,9.061532801575689,57.079252003561884,0,-0.7534930015443839,0.011788309464159286
IDXX,96.23473982125124,712680.8848063555,97.1469688182721,95.21677924528302,119.425,36.87120318197269,197.7815862134628,0,1.0459537772832157,1.2529986816185774
IFF,117.86770605759682,473382.40913604765,118.70998967229394,116.9262539225422,71.6,16.598848249853454,78.17863397548162,0,0.5685335747349893,-0.15233592332929743
ILMN,173.45302581926512,1391562.0824230388,175.79044001986097,170.79634498510427,131.41000000000003,25.130472190435338,98.0152256661229,0,1.8135876917402283,0.08591493148063863
INCY,91.15099811320755,1591348.834160874,92.94077715988082,89.27929612711023,109.56,26.61663418648767,84.87214522740581,0,0.5770787170416412,0.16861829092972827
INFO,33.44578563411897,1409418.5420875421,33.734075533108864,33.09785600448934,27.39,7.445672489459085,69.10112359550563,0,-1.020741892494203,-0.0333028623403868
INTC,33.40323753723933,27161138.316782523,33.66233992055611,33.09885352532274,24.040000000000003,4.360074421392445,78.98410236525784,0,-1.44201911390946,2.311358378312
INTU,104.98002681231381,1592066.766633565,105.72216861966237,104.07376673286991,91.41,21.37279133063113,107.76929154595733,0,0.6034696089699377,0.3152925679518478
IP,48.741082423038726,3029514.645481629,49.16505143992055,48.31857874875869,26.090000000000003,5.882723071481824,18.729508196721316,0,-0.9307119261829218,-0.4366315921245031
IPG,21.23108242303873,4431021.605759682,21.414275273088382,21.034584011916582,9.52,2.260164300260891,14.545454545454536,0,-1.4886771451852554,-0.31882199167945935
IQV,70.55065541211519,1046291.5948361469,71.19325342601788,69.83208709036742,62.760000000000005,14.212724396078158,113.75545851528386,0,-0.13907424504556654,0.35037752641700576
IR,68.2777358490566,2044839.8351539224,68.83089116186693,67.70219811320756,46.81,11.595412690583565,45.64010450685825,0,-0.3994956675406128,-0.25839133429092553
IRM,34.111117179741804,1681076.1817279046,34.41740069513406,33.77689136047666,16.88,4.162488988656733,27.941675144116644,0,-1.182422116864395,-0.4445658058743126
ISRG,208.86199433962264,1061752.2075471699,210.69556573982126,206.87964677259185,286.2501,67.93003545946158,188.10317210323845,0,4.025424328570009,1.2234891085778925
IT,91.9674379344588,463316.3932472691,92.65018123138033,91.18972264150945,67.02000000000001,16.864947644023566,76.43266475644701,0,0.19082849046207637,-0.10756174432881166
ITW,107.44795928500497,1636556.099304866,108.09718887785502,106.71252115193644,92.47,23.699146311963116,100.56497175141243,0,0.6783573280579166,0.25377076108216456
IVZ,34.370794438927504,3224609.776564052,34.68976534260179,34.049384409136046,18.69,3.9894756134642897,1.8678561471982207,0,-1.2265488258351123,-0.5660068148103311
JBHT,84.28236196623634,928635.6037735849,85.00024875868917,83.5148915590864,50.28,10.020271123774535,50.104438642297666,0,-0.17027886370284742,-0.35732124018199285
JCI,42.07739920556107,3811157.4816285996,42.41304826216484,41.72587328699107,17.685399999999998,3.5566440882993096,-10.489267402450677,0,-1.1570426386173642,-0.6594134730048974
JEC,50.56691161866931,1059752.676266137,51.04749344587885,50.0640545183714,33.45,7.754316062013258,4.898218829516525,0,-0.822244312060162,-0.7345208106688428
JNJ,110.96459781529296,7298176.874875869,111.56878500496524,110.29045531281034,57.0,13.63485161418599,53.487861144677574,0,0.2173441082734897,0.19213320643945594
JNPR,25.65230883813307,5651145.684210527,25.896917080436943,25.39544935451837,13.659999999999997,2.574107800991362,26.77935943060498,0,-1.4023723796304863,-0.09608730426667733
JPM,69.88672293942402,15680002.048659384,70.39428867924528,69.34051330685205,54.76,14.141144732293093,83.7141384641814,0,-0.4299951205948946,1.3335471970100687
JWN,58.465054617676266,2461174.6981132077,59.10789493545184,57.81521171797418,46.11999999999999,13.102896086623549,-23.518966908797417,0,-0.6009476409795772,-0.8734991903611237
K,68.90152432969217,2093119.5640516386,69.35605372393248,68.41671380337637,30.080000000000005,5.8155799678945295,11.790823877651704,0,-0.6291914228668714,-0.6353849359547923
KEY,14.633674280039722,11852610.001986098,14.777424031777556,14.486274975173785,10.440000000000001,2.513222647658504,51.768246802106866,0,-1.6269259425619098,0.7208749099296438
KHC,82.35786963434022,3277263.7360890303,83.00130333863275,81.64972718600953,27.450000000000003,6.555735679165194,6.578947368421069,0,-0.4655912232556469,-0.6165435768613157
KIM,24.211996027805363,3332048.474677259,24.424818669314796,23.990563555114203,14.870000000000001,3.3780277763860784,-8.194233687405164,0,-1.411877159070017,-0.6368401432484062
KLAC,74.64456901688183,1528921.6365441906,75.297580734856,73.91633296921549,66.13,15.167212972816582,65.77784790154621,0,-0.11328051538623027,-0.08362557288602812
KMB,118.1946772591857,1716954.7388282025,118.92600089374379,117.41854498510426,34.849999999999994,9.211628178984528,16.197996918335893,0,0.15126824610683526,-0.7303494280786551
KMI,27.522810327706058,15388090.723932473,27.82356474677259,27.225863952333665,32.56,9.280236623922697,-49.67975494291283,0,-1.3816802570735407,0.05197949898566396
KMX,58.115590863952335,2144254.688182721,58.734545680238334,57.46881479642502,34.660000000000004,8.737138654742887,36.737739872068225,0,-0.6686614908146487,-0.337971179182305
KO,42.493445878848064,13604295.628599802,42.71545402184707,42.25192174776564,10.329999999999998,2.217578189073031,12.838170191834744,0,-1.3210899005833279,0.4172366187402926
KORS,56.96431976166832,3309939.9026812315,57.67614458788481,56.26887884806355,66.79,18.33090481891595,-23.613639121465834,0,-0.42836854343310365,-0.7491761656555167
KR,30.75240317775571,9095971.687189672,31.03360317775571,30.451905064548164,24.95,6.354114912901067,39.76578411405294,0,-1.2339008587340627,0.3520642511937451
KSS,50.37309334657398,3580094.637537239,51.002376365441904,49.759790466732866,44.57999999999999,10.037644650437398,-4.842954904369196,0,-0.7715194143728417,-0.585953896730701
KSU,98.44697120158888,1331588.3624627606,99.4589930486594,97.43610446871897,61.53,12.275313589470816,-12.316666666666668,0,0.042875830856524064,-0.9524035291879018
L,42.566084905660375,1099143.5143992056,42.82455124131083,42.2999956305859,16.439999999999998,3.8835717060221535,5.593077247783872,0,-1.0927931699710283,-0.7400953557663387
LB,69.56527805362462,2528265.9741807347,70.30960854021848,68.7966087388282,64.16,16.859900135430305,-2.2243870758240045,0,-0.2588015462422154,-0.6486938759428443
LEG,44.30350546176762,954525.4726911619,44.63586643495531,43.933877060575966,25.470000000000002,6.54871164280703,55.67514677103718,0,-0.9080011656940843,-0.2401730145739686
LEN,45.96373306852036,2946344.7596822246,46.46625283018868,45.44587358490566,28.774500000000003,5.634173076409644,63.63452885210016,0,-0.9035116696521043,0.008567668674243993
LH,123.54402184707051,912762.9354518371,124.49649175769612,122.48391181727904,76.08999999999999,18.277472995382492,76.78155824005319,0,0.693995148790132,-0.12933038575498054
LKQ,30.370556107249257,1956678.5064548163,30.666095134061568,30.053485998013905,17.549999999999997,3.523522657381034,25.524691358024704,0,-1.2497041049348534,-0.4369197485405347
LLL,136.94771598808342,669578.7984111222,137.96366285998013,135.82261569016882,97.66000000000001,25.68504485051434,88.28511610201751,0,1.14809633541048,-0.013428639972179425
LLY,74.75163853028798,4499438.143992055,75.3598539225422,74.08284915590863,39.25000000000001,9.140199837966204,66.48925684999014,0,-0.4039003348921409,0.12724205222126506
LMT,224.2880834160874,1456262.3952333664,225.69278977159883,222.7812609731877,176.75,46.68944493130145,119.7918806051893,0,3.1859543067243075,0.3264196136249578
LNC,55.80469712015889,1914320.6425024825,56.367266137040716,55.22725412115193,47.760000000000005,10.38742832846264,52.127449040174156,0,-0.580171885609219,-0.17845793169437327
LNT,34.27034756703078,1280132.3455809334,34.51586137040715,34.01562919563058,27.31,5.3062997489959365,67.82197715636077,0,-1.0503441783335534,-0.06970279400722239
LOW,69.09928500496524,5523275.454816286,69.6654819265144,68.51947308838133,48.309999999999995,11.6012542633247,87.98543689320388,0,-0.3761361859841107,0.4654725491869443
LRCX,96.05365441906653,2233373.539225422,97.05383038728898,94.92622472691161,170.32999999999998,39.17463544347246,241.18628359592216,0,1.3783635461752937,1.8811631720679898
LUK,22.68815789473684,1750322.1727904668,22.891833763654418,22.47980566037736,14.2,3.568960692602627,-7.052631578947374,0,-1.4093008580778197,-0.7605849561630239
LUV,42.01707040714995,6874725.61469712,42.49664617676266,41.50426454816286,47.21000000000001,10.952051626178692,246.66313559322037,0,-0.5903073036347781,2.217507073118243
LYB,89.52146971201589,3447382.623634558,90.50509771598809,88.53467487586892,43.980000000000004,9.64705577438741,40.03554201574002,0,-0.18423281342858117,-0.25722270281378623
M,45.24722442899702,6607835.179741807,45.78257924528302,44.76015630585899,55.269999999999996,15.699290095740576,-52.81887994006368,0,-0.7807419497100235,-0.7423218358984387
MA,98.3429900695134,4277174.02184707,99.06193882820257,97.58062343594837,85.50999999999999,20.171284907437112,81.45635025295516,0,0.3896323116891163,0.296457664137813
MAA,87.05732869910625,616155.719960278,87.73521638530288,86.29006564051637,49.25999999999999,13.852196878618836,64.69046839174582,0,-0.041438074661968236,-0.23070074139575583
MAC,71.75778550148956,1177753.3624627606,72.38534468718967,71.08235739821252,42.17,9.904843522762295,12.504282288454958,0,-0.4365568839620454,-0.6839261052152996
MAR,77.95338232373386,2757099.2403177754,78.57212115193644,77.22812959285005,89.1,17.719516767086233,177.22630718954244,0,0.2187364847410318,1.1536374921589514
MAS,29.437795431976166,3855959.9453823236,29.71150347567031,29.151448460774578,24.700000000000003,5.915677078246778,93.65359189070072,0,-1.1223249241639615,0.4246266233716939
MAT,28.35055114200596,5305116.949354518,28.667284210526315,28.038356107249253,34.35,6.769199913160366,-67.54589575859885,0,-1.2917381797999337,-1.0235677481609924
MCD,116.3593445878848,5232241.439920556,117.02554240317775,115.65925441906654,85.74,22.832089503609236,78.52919821595272,0,0.6737532374272478,0.31811643200562295
MCHP,56.88939424031778,2273780.317775571,57.407142204568025,56.31743535253227,57.63,15.331001793248161,98.95856916459134,0,-0.36748760027762845,0.34705912444791637
MCK,179.75264150943397,1615407.1847070507,181.4488745779543,177.97929136047665,118.64,27.76809980128535,-2.6286213786213835,0,1.759777548161753,-0.9062941458581775
MCO,103.50608738828203,1015282.4498510427,104.28586345580933,102.64155819265144,79.91999999999999,17.014272396818818,90.90791515778585,0,0.42874109692404744,0.06879478504694388
MDLZ,40.762298907646475,8665360.250248263,41.092611519364446,40.4323498510427,15.18,3.7828451691296348,22.95317437517953,0,-1.2093261720600532,0.09976247559552154
MDT,75.06940417080438,5941370.982125124,75.59669811320755,74.4922545183714,35.699999999999996,8.487965732075534,41.07267645003493,0,-0.4814349589259199,-0.004751630572091922
MET,50.36553624627607,6254518.136047666,50.81221112214499,49.89936583912611,22.490000000000002,4.578364286857033,-4.94453844707651,0,-1.0256697234750787,-0.40104220610947033
MGM,24.883187686196624,8559301.86693148,25.19119433962264,24.56161688182721,17.710000000000004,4.294872673298752,40.7672849915683,0,-1.3824359917938993,0.3123636943167118
MHK,190.76343098311816,650956.9294935452,192.4385099304866,189.03109165839126,160.05,39.10600014685771,85.031185031185,0,2.461268642155547,-0.05550665583321837
MKC,85.83873882820258,733526.7209533267,86.39136504468719,85.22945213505461,44.03999999999999,12.448350625625828,49.12203687445126,0,-0.13240568303437353,-0.3833089956683938
MLM,166.11971201588878,787846.0506454817,168.03210258192652,164.04013862959283,143.3,39.72657304852017,122.06148282097647,0,2.091433015266373,0.37094175902717463
MMC,62.09851539225422,2006050.2850049653,62.45049612711023,61.72287487586892,41.57,10.59529559629528,70.5574182732607,0,-0.4991435080577185,-0.010049205797654531
MMM,168.20599801390267,2223501.9334657397,169.09814240317775,167.16135134061568,119.23999999999998,26.225976707198594,70.39745167595744,0,1.6555868224070227,-0.10822625989075722
MNST,42.89314041708043,3498379.606752731,43.31651161866932,42.43891886792453,43.14,10.736495293090464,184.32165318957772,0,-0.6334145869735294,1.2969508686566678
MO,57.39683217477656,6769701.814299901,57.75975719960278,56.97675561072493,43.709999999999994,11.206228023538673,88.41688654353563,0,-0.5855309616013598,0.6026986319434381
MON,109.3485402184707,3097596.6395233367,110.11948381330686,108.6254976166832,43.620000000000005,10.194729076754838,0.4040925113919688,0,0.054189940013990544,-0.728333002749871
MOS,35.1266137040715,4319160.098311817,35.546453922542206,34.723226315789475,34.17,10.391495335173191,-45.40425531914893,0,-1.0884955292441418,-0.8919518472514876
MPC,47.154563058589865,5703992.791459781,47.788392254220454,46.50882254220456,36.11,6.876195179520759,47.47429593205186,0,-0.8842814829786563,0.10208518904190453
MRK,58.37550148957299,10405565.523336643,58.81593048659384,57.937001688182725,18.159999999999997,4.1321146274013065,13.699737320670843,0,-0.9799198713460839,0.12098517542559849
MRO,21.49130585898709,13129083.853028798,21.822125819265146,21.17670536246276,34.959999999999994,9.634495827426743,-51.50386708679461,0,-1.416891268630045,-0.14503100716892364
MS,36.123301886792454,11302608.120158888,36.474027606752735,35.76267378351539,32.16,7.141019659374504,69.09442475024169,0,-1.1023007587695208,0.8335389153068671
MSFT,54.084863455809334,30712613.148957297,54.47333416087388,53.635684905660376,51.87,12.332302470307804,130.1937567276642,0,-0.8483251525617257,3.1440096990534943
MSI,71.9980536246276,1478067.6901688182,72.52546961271102,71.45303565044688,37.74,9.859817643411839,36.19779888436606,0,-0.4312283283907935,-0.4289737868594985
MTB,130.82537239324725,840966.3714001987,131.82171946375374,129.70376216484607,73.12,18.903772505658157,48.609421171562666,0,0.7574822708391974,-0.43287935529836763
MTD,377.854131082423,171919.862959285,380.97008172790464,374.4984015888778,465.31,122.15436566699395,156.49815757876868,1,8.279121086901602,0.8464601935914922
MU,24.44575382323734,27962814.084409136,24.828992055610723,24.061393743793445,40.12,8.858925592523029,89.84302862419204,0,-1.395336162038847,2.550565524563284
MYL,47.27588877855015,5973802.950347567,47.97745600794439,46.58465719960278,46.43000000000001,9.646545402388414,-0.6341005166744857,0,-0.8403869007269845,-0.32574412628919536
NAVI,15.41064453961456,3192472.7601713063,15.623410599571734,15.199028265524626,14.16,3.081860163001383,-21.600941730429657,0,-1.5573020453625206,-0.761144364870262
NBL,42.95497517378352,4181704.515392254,43.55196633565045,42.360900198609734,56.21000000000001,15.07884946431175,-56.23967562697102,0,-0.7903552295632208,-0.9855360628728698
NCLH,46.639180734856005,1635444.6752730883,47.21197825223436,46.04839682224429,34.11,9.18593872056841,53.724018475750576,0,-0.7931494569061145,-0.18387988506874
NDAQ,57.4904915590864,1055116.4349553129,57.93101062562065,56.99555958291956,45.13999999999999,12.733202661997051,95.99489795918366,0,-0.45912249423660983,0.18344042756710574
NEE,114.8301390268123,2060707.7279046674,115.59383346573982,113.94045690168818,75.0,18.712373607439236,85.3887240356083,0,0.5711855388029324,0.07998367674601409
NEM,28.244101290963258,7566430.820258193,28.650505759682225,27.824850546176766,30.31,7.434529787598693,56.59432387312188,0,-1.1785692378700634,0.40106400821273214
NFLX,104.13807398212512,14373715.261171797,105.5183154915591,102.63353862959285,157.7929,42.54511360456883,270.35464988404715,0,1.358925295990365,3.2191046998487405
NFX,34.670163853028804,3231963.9662363455,35.27503376365442,34.039067328699105,25.570000000000004,6.085104846427232,29.38038572014772,0,-1.1134915074088694,-0.2770122526142457
NI,29.35520854021847,2578031.82224429,29.586335551142007,29.095712214498512,32.55,8.909755498773215,-20.50170331371941,0,-1.1500232305155087,-0.7929353645383154
NKE,51.874766137040716,8598706.20059583,52.28853962264151,51.434607646474674,31.910000000000004,8.041388737229124,59.89263803680982,0,-0.8428438186373224,0.4683454469073206
NLSN,45.27904667328699,2516597.551142006,45.647837537239326,44.889254816286,20.14,4.443299877567848,-19.25465838509317,0,-1.0763354106932974,-0.8612944695989752
NOC,192.51533267130088,1066874.9066534261,193.77812949354518,191.10444647467725,199.67000000000002,54.12075542761056,171.05007506844476,0,3.0747159377998625,0.9398826101876724
NOV,47.76849056603774,4586959.519364449,48.35270585898709,47.1568585898709,60.09,18.346695400343428,-54.41660339154644,0,-0.645053084125402,-0.9245967759213415
NRG,21.35285998013903,5419424.849056603,21.67148113207547,21.04868530287984,28.679999999999996,7.626867412254686,-0.3498950314905454,0,-1.318950536097443,-0.33357473791800824
NSC,101.30544190665343,1885108.2959285006,102.20935789473684,100.35304816285998,79.31,16.294217496871045,58.69017632241814,0,0.3296487726515884,-0.17146587484362819
NTAP,36.11007547169811,3486056.402184707,36.47244856007944,35.73216921549156,37.36,6.977603332140655,36.86293913904007,0,-1.010889635109977,-0.16767237979527294
NTRS,74.25231876861967,1219021.1757696127,74.86043942403177,73.57218381330685,45.81999999999999,11.046279078126044,64.04992609623912,0,-0.2985432114150632,-0.16808801224870124
NUE,50.99805362462761,2460707.4587884806,51.52707060575968,50.44588023833168,31.89,6.602669951028207,20.57652190403945,0,-0.846285312705537,-0.4646070462355697
NVDA,61.364662859980136,10761294.52631579,62.12967368421053,60.447031479642504,201.60000000000002,57.11828438124564,1120.0504413619167,0,2.3726068068385553,11.522421410520865
NWL,41.34265143992056,3429207.231380338,41.71182820258193,40.953891559086394,26.92,7.394424194327868,-3.9776258545680587,0,-1.0334225759646025,-0.5987654034603876
NWS,14.476156901688183,949625.6544190665,14.621087984111222,14.322918967229393,7.0,1.6926575817557101,-7.210732252655109,0,-1.5842850493327518,-0.828032564790349
NWSA,14.411973684210526,3020694.5491559086,14.562482423038729,14.252755809334658,7.999999999999998,1.992106973131259,-9.693593314763223,0,-1.6061348569098706,-0.6677464523873153
O,52.85126100502512,1931644.28040201,53.27153340040241,52.39089315895372,34.79,7.895991595331656,52.663989290495316,0,-0.7341786256019509,-0.1896313405369632
OKE,48.84906156901688,2463804.0427010925,49.44416524329692,48.21682611717974,52.050000000000004,11.809214784027363,-12.634847989539061,0,-0.7151354907243296,-0.7408283236984745
OMC,76.65293942403177,1679199.6792452831,77.20530019860972,76.06036921549156,23.679999999999993,5.886810889151877,-1.5810810810810834,0,-0.5641452090422073,-0.8302839051728856
ORCL,41.663679245283014,14351289.696127111,41.96066137040715,41.36024428997021,18.86,3.8879229575511456,24.947145877378425,0,-1.2525535437586226,0.6216968039926181
ORLY,222.62602284011916,860428.2015888778,224.633571102284,220.51976385302882,161.87,46.799046465669626,86.81267474370922,0,3.057017347557553,-0.06287363236283676
OXY,76.19552631578948,4622960.819265144,76.8787426017875,75.45218728897716,47.169999999999995,12.161007293015127,-21.513052743740012,0,-0.3966108151680158,-0.7123737315862405
PAYX,52.00113108242304,2138793.4995034756,52.33146146971202,51.602887586891754,30.33,7.360952210011186,51.087438970261864,0,-0.7837387101691574,-0.19206112065341058
PBCT,16.06084399205561,3398270.8440913605,16.188144687189673,15.920586593843097,6.359999999999999,1.5094125266630314,24.5836109260493,0,-1.5637285306882929,-0.3041198091824948
PCAR,61.71143495531281,2016817.195630586,62.255728401191654,61.11372750744786,30.620000000000005,6.269158544680415,21.48350709280465,0,-0.7040743977837169,-0.5251129053352477
PCG,55.5959722939424,3078697.728897716,56.00489433962264,55.14221886792453,31.96,7.917651727850665,13.035804336863343,0,-0.7752289094973664,-0.49024060459896207
PCLN,1390.272641509434,632928.2264150943,1402.1856405163853,1377.425447467726,1075.2,264.0389392764786,51.70938678586394,1,27.93056016854582,-1.4268538166342724
PDCO,43.89241310824231,1036414.9652432969,44.27113714001986,43.48632254220456,18.169999999999995,3.9669426805491415,-11.446078431372536,0,-1.0844506054492347,-0.9151229088542873
PEG,42.02842105263158,3171612.433962264,42.34573038728898,41.66380913604767,21.740000000000002,3.880961301754952,64.37918927545483,0,-1.029469903117801,0.030080288103759498
PEP,100.54238331678252,4421610.2601787485,101.06957020854021,99.95504280039721,42.82000000000001,9.853505198247351,46.06577344701584,0,-0.04025329900677204,-0.14046823553929325
PFE,32.72708043694141,26419734.285998013,32.965767030784505,32.48200178748759,9.610000000000003,2.1022062197941964,18.910045961917263,0,-1.631795254673678,1.6282301337379084
PFG,52.5756504468719,1348682.9930486593,53.002048659384315,52.09026276067527,37.42,8.306949146600807,45.12546277252161,0,-0.7181152409840036,-0.30992399457091985
PG,83.72769612711022,9071261.277060576,84.17949652432969,83.25530764647468,26.340000000000003,5.3004067189881745,14.079960268189707,0,-0.5471551086502764,-0.043483611232201354
PGR,32.81648460774578,3409088.8152929493,33.01540059582919,32.587171996027806,33.92,7.928569409309744,110.77844311377247,0,-0.9629902842636187,0.5652074864488154
PH,128.86895729890765,1192556.9404170804,129.88989890764648,127.73097646474676,113.17999999999999,23.901575103964614,56.853190820496714,0,1.03483747556831,-0.24918648454660822
PHM,20.960342601787485,5596230.856007945,21.198147269116188,20.717890168818275,19.08,3.425129549697225,65.58764940239045,0,-1.3744724482082513,0.30437506245913704
PKG,78.6072442899702,970958.8718967229,79.32968033763655,77.82485759682224,75.77000000000001,17.623398134498977,90.59288537549406,0,0.07595550721875173,0.12418923329187655
PKI,52.46373386295929,751260.8967229394,52.84844856007944,52.0127180734856,34.010000000000005,8.225269685081514,78.60283341475332,0,-0.6887980164741493,-0.03541668053762769
PLD,47.015705064548165,2700934.9424031777,47.36610744786495,46.61752254220457,31.830000000000005,8.220125653229108,74.77648333784886,0,-0.8068379766597273,0.10990303669603707
PM,93.52638530287985,4523094.692154916,94.08755372393247,92.88524289970208,47.57000000000001,12.106236979330305,22.82027435480122,0,-0.10013096872699,-0.3274518761034183
PNC,98.81711022840119,2384588.1142005958,99.56223088381331,98.03561420059583,69.66,18.074918468004636,88.36814621409921,0,0.3104189312590995,0.17026211683750928
PNR,63.33878848063555,1329206.7994041708,63.91680079443893,62.73733336643496,39.93,7.656955979546328,-8.130610120983478,0,-0.6348038477152735,-0.8659254675086235
PNW,69.77420059582919,820196.5571002979,70.2494460774578,69.21556405163854,40.53,11.65142935844826,63.65033621517774,0,-0.3706023705345747,-0.19836343168850384
PPG,104.41797914597815,1561849.005958292,105.19257159880834,103.5976417080437,34.33999999999999,7.516251469029486,23.658304223563032,0,-0.0626531062149461,-0.6434720794677327
PPL,34.891813406156906,4326505.263157895,35.13376196623634,34.62221032770606,10.650000000000002,2.5124465529955047,4.384485666104556,0,-1.3007135248360462,-0.46108894316492227
PRGO,126.41068520357497,1654320.579940417,127.92974369414101,124.85569960278053,137.55,39.97879618946346,-43.0698889614631,0,1.3029318963171648,-1.0874856853156327
PRU,89.24265143992056,2402524.0625620657,90.02087497517378,88.45100615690168,59.150000000000006,12.969006087870131,26.685764654032614,0,-0.04954068768808791,-0.4484287837480916
PSA,207.78230139026812,747006.6861966236,209.3932049652433,206.00353664349555,127.32,28.118684197819015,40.315542128230966,0,2.262328727609138,-0.6193892741479015
PSX,81.07297418073486,3141830.253227408,81.84599523336644,80.26195809334658,42.97,5.9824420963941245,32.30869849574886,0,-0.3817553823758441,-0.35716428952347967
PVH,108.38952333664349,1070058.1678252234,109.58826981132076,107.23762631578947,71.21000000000001,15.229268559130649,0.46126812124761707,0,0.3055329533620295,-0.8504303672173573
PWR,30.08456305858987,2166216.4359483616,30.409611916583913,29.76645034756703,22.21,5.688818202622657,24.99201022690956,0,-1.191932345851091,-0.4078210303895683
PX,122.95324726911619,1343697.2452830188,123.75648550148956,122.08269344587885,60.23000000000002,11.271295333300744,19.44401544401545,0,0.3942528408157386,-0.7065554062448504
PXD,164.29224428997023,1989536.0695134061,166.57600139026812,161.8983128103277,125.83,27.045096815455473,-2.084631507392515,0,1.5642091365102178,-0.8240439929410317
PYPL,44.75114467408585,8748565.54689984,45.227011128775835,44.22905437201908,47.94,11.938685654984255,100.54481067828931,0,-0.7369815010919083,0.9370335967618053
QCOM,63.29149056603774,10965368.937437935,63.81970417080437,62.735993942403184,38.63999999999999,9.874161674542888,-12.684124386252044,0,-0.7386645011165492,-0.05406290132253175
QRVO,61.92650331125828,1785139.0966887418,62.88842701986755,60.86528913907284,53.28,11.614034968419361,-5.3977272727272885,0,-0.5140362012353968,-0.7621640993576726
RCL,82.48242800397219,2117974.113207547,83.35936067527308,81.53509136047666,83.16999999999999,20.57524258771377,152.87258850964596,0,0.2847897375480271,0.852362249223389
RE,192.0350148957299,338280.51042701094,193.44286196623634,190.5861754716981,133.64000000000001,30.98512632304808,46.46190507711657,0,2.145815787140706,-0.5339659441906381
REG,64.95663356504468,730584.9275074479,65.466209632572,64.39953475670308,39.33,8.153223044398766,50.48944964107028,0,-0.5251830474111991,-0.3417994049650476
REGN,412.33582174776564,878588.4339622641,418.30200626242544,405.99625149105367,324.78,75.02836109939145,36.91685786081067,1,6.980050105706034,-0.7341834506442603
RF,11.135208540218471,16745652.335650448,11.254531876861966,11.012610625620654,10.409999999999998,2.39241358249536,74.72194135490395,0,-1.7170596028240876,1.386440942696936
RHI,48.099185700099305,1075867.4965243298,48.50882512413108,47.63626921549156,28.43,6.629258564693993,34.25187333816776,0,-0.867343319309812,-0.4473794186120758
RHT,76.10762661370407,1582721.2482621649,76.77024597815294,75.36728252234359,81.25,17.438650664703783,115.11732043704102,0,0.0875187763180302,0.43170254744710507
RJF,60.87235352532274,768073.4458788481,61.39379930486594,60.27659473684211,50.21,12.215413824863587,73.22987390882638,0,-0.42097340029157926,-0.07247083440231285
RL,118.64020357497517,1167186.8212512413,119.9164125124131,117.42856166832175,120.61999999999999,32.69493136803174,-40.87358157039402,0,0.9800741293637381,-1.1412992689704768
RMD,61.18614697120159,936197.5988083417,61.630923535253224,60.63022889771599,44.41,10.447003130267834,83.31168831168829,0,-0.46996997149960484,0.026604829684095083
ROK,127.80301886792452,928125.9344587885,128.8660087388282,126.66763406156902,111.12000000000002,24.702670246731014,68.71455576559546,0,1.0435987218023495,-0.15094126729860266
ROP,179.6604270109235,464291.7924528302,180.82680734856007,178.28628430983116,138.21999999999997,33.281520997050656,87.57242178447275,0,2.090657603744487,-0.06900303816746269
ROST,52.71648460774578,2992340.3495531282,53.18654995034756,52.23371976166832,49.88499999999999,11.377475967308897,116.1034064898344,0,-0.5287116625409138,0.5633674647298278
RRC,45.56477656405164,4187861.583912612,46.40630814299901,44.78498202581927,78.07000000000001,22.289338537741028,-79.12894543675067,0,-0.5333854215010844,-1.1604750354829854
RSG,47.691946375372396,1458985.5471698113,47.94853783515393,47.405335352532276,36.08,10.40534514275549,105.12742718446601,0,-0.6791444845704178,0.31367299901738593
RTN,127.1563157894737,1708389.8828202581,128.05418857994042,126.24224677259186,103.25,28.573305581964032,111.59044829916647,0,1.1115638877442846,0.35291989627458403
SBAC,114.19639771598808,1103945.8679245282,115.24236504468719,113.04564726911619,87.39,17.506588723862965,84.75458041167158,0,0.614692316643165,-0.0013643228361399926
SBUX,51.21468172790467,9202718.246276068,51.600443793445876,50.79566494538233,30.20499999999999,8.716856553351866,48.840222884540616,0,-0.8697421997287901,0.41535933847169054
SCG,59.49520357497517,1022799.9890764648,59.97191996027806,58.96761717974181,38.730000000000004,8.93771188675508,-13.578101238322832,0,-0.6720170526354721,-0.9320112800306627
SCHW,32.70459781529295,8014892.153922542,33.03174726911619,32.336165243296925,30.060000000000002,6.524243366329667,98.95429899302864,0,-1.0895717813137096,0.8430377372096168
SEE,43.405084409136045,1992359.4766633564,43.81107994041708,42.9797308838133,25.54,5.922661081146914,46.16068781500149,0,-0.9581467288056087,-0.24349455698505618
SHW,276.0963555114201,709485.3753723933,278.14749841112217,273.8085897715988,238.73999999999998,52.543012713534466,124.79030754892825,0,4.3437163456328864,0.27084917370524964
SIG,99.5021151936445,1352601.1976166833,100.78503028798411,98.2342746772592,103.06,26.416800436894302,-28.153982975479607,0,0.5193617888025754,-0.9985499713683015
SJM,117.56539225422047,884157.9235352533,118.35648321747766,116.67546097318768,64.41999999999999,14.68903247899757,21.76810741938645,0,0.4157551740710947,-0.6894885205828906
SLB,82.19426017874875,7463408.328699106,82.9897673286991,81.38205044687189,56.89,12.542493720606158,-24.127448772798914,0,-0.2995892120006622,-0.49165999114793696
SLG,108.14222442899703,746580.8897715989,109.07031688182721,107.19085769612711,53.459999999999994,9.518698591719302,9.730376168732334,0,0.11825982916529641,-0.8325555072660082
SNA,148.59424031777556,448825.3495531281,149.70735312810328,147.37826097318768,84.3,19.405921602295354,60.571165361584534,0,1.0894793536182619,-0.38057024230444136
SNI,70.83078450844091,1229689.7964250247,71.51494746772592,70.15815054617676,39.91,9.151028083789098,-0.11698642957417937,0,-0.49135601293217457,-0.8077100182798918
SNPS,54.107303972194636,836234.5322740815,54.48781817279047,53.6721314796425,54.13,14.488501046969505,110.88570014844134,0,-0.4050983379808521,0.3378888538628689
SO,47.34004965243297,5037913.100297915,47.62726425024826,47.005910923535254,14.14,3.3099088984474134,18.1862865568936,0,-1.0887095898061365,-0.28660835319432587
SPG,180.71427010923534,1472545.959285005,182.17104945382323,179.2132867924528,76.97999999999999,17.31572583151215,12.91998158984812,0,1.3827663700026136,-0.8615876957167588
SPGI,108.54159384309831,1258729.6802383317,109.3642008937438,107.62860814299901,100.58999999999999,25.439902473080412,117.87781350482317,0,0.7946655756392719,0.4056835903649961
SRCL,106.63159880834161,762803.5928500496,107.46461916583912,105.74653684210527,88.34,24.535356458114897,-40.816504178272986,0,0.4992793729762673,-1.2183763231859517
SRE,105.10830188679245,1191963.5670307844,105.859420754717,104.28207149950347,35.230000000000004,7.346880066799141,20.895522388059707,0,-0.05028839039180259,-0.7049094806366227
STI,45.13721946375372,3608513.203574975,45.53149136047666,44.72754319761668,34.67,8.075931746433962,76.86199342825847,0,-0.830982308779969,0.21747350136551336
STT,74.14514399205561,2373905.3833167823,74.764154816286,73.48759364448858,48.50000000000001,10.649588645772921,33.41990158556589,0,-0.3478340115714968,-0.36793224647405265
STX,44.74089374379345,4506156.356504469,45.35576842105264,44.11848391261172,50.099999999999994,11.686943482274705,-24.49016423028333,0,-0.8269403137042775,-0.6704486362310105
STZ,137.87529294935453,1352515.4419066533,138.92773078450844,136.75249503475672,159.95999999999998,40.3171083035085,230.11265164644712,0,1.9238408191298453,1.5811879512533675
SWK,110.76636544190664,1105480.084409136,111.50499165839126,109.9439411122145,94.39,22.538324235432114,111.63631828386129,0,0.7327277430274199,0.3044638416955327
SWKS,77.09400397219463,3205761.8540218472,78.06495650446873,75.96992701092353,88.93,22.06455811997614,246.53284671532853,0,0.3687293916693988,1.9005626418458226
SYF,30.54350928074246,5954646.168213457,30.866413573085847,30.200772389791183,16.04,3.365287238721345,67.8695652173913,0,-1.2609437152322056,0.33033072860701584
SYK,107.29755710029791,1364511.6077457794,107.99860188679244,106.49133376365442,85.11000000000001,22.34248687749947,107.47688597078924,0,0.6251816513929671,0.28428071633217994
SYMC,24.127870009930486,6743249.888778551,24.353244885799405,23.878285898709038,17.559999999999995,4.0150664045562605,19.607843137254893,0,-1.400081416795802,-0.05598117478141826
SYY,44.67459781529295,3682664.6077457797,44.95155253227408,44.37088123138034,28.130000000000003,7.354850822983767,69.07015590200444,0,-0.8950859964584,0.1378305744283474
T,36.56432512413108,25476621.12611718,36.786977755710026,36.31939453823237,11.669999999999998,3.0302384324946674,11.244635193133046,0,-1.5470735708316026,1.4662831476580378
TAP,83.18542204568024,1711566.0367428004,83.87545203574975,82.47169384309831,59.93,13.784420225382368,48.623687069902196,0,-0.07686558101545554,-0.2721841562754315
TDG,228.34026812313803,537044.997020854,230.2708708043694,226.11539076464746,132.24,35.26565590921789,72.10001880052643,0,2.749837032633461,-0.33738396103333507
TEL,66.92911618669315,1785022.230387289,67.4281093346574,66.38720019860973,44.760000000000005,9.580339020043711,74.54545454545455,0,-0.4278343508004075,-0.003894328786256395
TGT,67.9003376365442,5838830.357497517,68.47905710029791,67.29985878848063,34.830000000000005,9.402586774758435,3.276353276353277,0,-0.6125638331943087,-0.3654203180448493
TIF,85.46591857000992,1553807.1886792453,86.27636891757696,84.65607189672293,51.190000000000005,11.712183683901625,12.317666126418159,0,-0.17212819513314184,-0.66978117563963
TJX,69.54225422045681,3689995.6415094337,70.08955352532274,68.98433952333664,30.480000000000004,7.118705330984246,20.447385003150593,0,-0.6046476582319507,-0.40445092240453695
TMK,62.447441410129095,598708.585898709,62.81951191658391,62.02556395233366,42.793299999999995,10.745900513770469,75.72646261139093,0,-0.4594522655875743,-0.08162325373074858
TMO,142.500953326713,1755206.1062562065,143.5231921549156,141.35793515392254,90.74000000000001,22.255445190805865,73.20076621362766,0,1.090122033494012,-0.10485137717344964
TPR,38.86056603773584,4146847.0883813305,39.27754597815293,38.45191181727905,28.94,5.305974873780637,-20.890717224110176,0,-1.1282680210133251,-0.7041542691934323
TRIP,68.27992651439921,2380336.1181727904,69.27620625620655,67.27106742800397,80.14999999999999,20.01041077773265,-57.18190854870775,0,-0.20104486057132853,-1.1694838037611257
TROW,77.62138033763654,1537326.804369414,78.20858649453824,76.96929414101291,42.15,7.645737516310719,27.095445736434115,0,-0.38600640093512467,-0.5339064571991622
TRV,109.13430486593843,1829248.6713008936,109.74482254220457,108.44802790466733,56.10000000000001,13.060186980271288,51.84148662263516,0,0.25020647987042943,-0.30415261503000157
TSCO,75.3938828202582,1474106.233366435,76.1680271102284,74.59376365441906,46.76,12.420717182442232,-2.66927083333333,0,-0.337647954609827,-0.800330964517808
TSN,53.607457795431976,3733959.808341609,54.096467825223435,53.076552929493545,50.45,13.64172869256774,144.40759722640937,0,-0.4454743563076134,0.9173342889474776
TSS,46.46738828202582,1264231.6554121152,46.82436931479643,46.04938093346574,51.28999999999999,12.257069158856522,141.20158584934433,0,-0.5361730897093575,0.6811044520498674
TWX,81.81595084409136,5269124.2919563055,82.45110943396227,81.17246117179741,43.57,11.804357799872534,33.085988651243994,0,-0.2851776627150385,-0.13606706497169943
TXN,62.17092353525323,5673404.60774578,62.63885054617676,61.636524131082425,63.92999999999999,15.217411230683402,142.32018561484918,0,-0.25824179256363355,1.0671323206356451
TXT,42.58940417080437,1788988.1916583912,42.975103773584905,42.17782174776564,26.07,5.415210633509198,55.93827500688896,0,-0.9615493348537394,-0.1645160558505478
UA,24.340684931506846,3247084.342465753,24.677105491990847,23.969849199084667,35.14,9.17689026095458,-67.94995187680463,0,-1.269088010714878,-1.1859956931642726
UAA,32.47626117179742,5744744.776564051,32.90712879841112,32.03585163853029,40.44,10.000739562528722,-33.63991722234997,0,-1.1060866196614514,-0.6386738325100442
UAL,57.38023336643495,5435901.662363456,58.235405958291956,56.54488291956306,44.300000000000004,10.642769130333958,78.6376888417705,0,-0.5868883825626344,0.3866938717560698
UDR,33.73606752730884,1635336.3962264152,34.00327864945382,33.43789215491559,17.220000000000002,4.107381832058278,65.5350236355823,0,-1.1397374433907628,-0.07607833040127356
UHS,113.95944389275074,834801.6226415094,115.16941112214498,112.6354492552135,71.89000000000001,15.706747916355303,40.59786653435871,0,0.44727365063282165,-0.48573019565979364
ULTA,184.12517874875869,979659.6295928501,186.08035759682224,182.12878758689175,232.8,64.9763624864918,133.19778959441143,0,3.2898107107241663,0.6663716911213701
UNH,130.32781529294934,3748667.75571003,131.3108883813307,129.1954977159881,158.43,39.24736630681754,195.64167895936708,0,1.7150957000089853,1.464112745339465
UNM,37.91468718967229,1535311.9195630585,38.23052969215492,37.58211102284012,33.42,6.941635230865571,59.8893096417128,0,-0.9510883790412826,-0.12073965539852824
UNP,99.99944389275075,4347300.678252234,100.83412879841111,99.13712730883813,67.52999999999999,12.957735457611518,60.493088384896154,0,0.15611513547497358,0.03791161714032564
UPS,104.7814498510427,2923271.5441906652,105.39214657398213,104.14068341608738,35.019999999999996,6.856200461959283,15.32133178474643,0,-0.09595126700880806,-0.6094520648863166
URI,95.21158887785502,1908861.2631578948,96.5120588877855,93.85268530287983,129.99,25.22354287105572,124.74833311543993,0,0.7551796482292167,0.5952122914708852
USB,45.26497020854021,6797734.339622642,45.566716484607745,44.948867527308835,18.959999999999994,4.830189485549017,34.31937829029831,0,-1.068012253190941,0.04522419290961655
UTX,109.40156901688184,3935788.393247269,110.12030983118173,108.67998172790466,43.46000000000001,9.437304868544937,13.40563605653836,0,0.04384668815298835,-0.5299970404612357
V,75.43533763654419,9445688.896722939,75.9600186693148,74.87871181727905,65.1925,16.360752569407623,106.3617030903579,0,-0.14344382422221635,1.0163121119167309
VAR,88.39507447864945,769150.1102284011,89.00754796425025,87.67882542204568,40.980000000000004,8.837302927433612,43.716058960434445,0,-0.18929070743553436,-0.46048729200124355
VFC,63.719771598808336,2412527.280039722,64.24555640516385,63.1500536246276,29.29,6.856563937809395,18.627765309394032,0,-0.6808023423478125,-0.5223196554803994
VIAB,53.46958291956306,3996423.448857994,54.12617249255213,52.846404568023836,65.63000000000001,19.715310282055448,-64.56584243818287,0,-0.516115686585242,-1.0791358423235458
VLO,60.61250248262165,6092125.090367428,61.34669751737835,59.82407308838133,48.54,9.12318483232883,84.29917786244235,0,-0.5523143168888401,0.48941902394918746
VMC,96.60268619662364,1130427.8381330685,97.64742631578947,95.50307020854022,80.75999999999999,24.156615930209266,118.76278118609407,0,0.5076830212577,0.4066084201426123
VNO,97.64304369414101,889450.0645481629,98.38616434955313,96.83636107249255,53.620000000000005,10.346441349780667,-11.800541516245481,0,-0.038837456178452974,-1.0016334768006574
VRSK,74.51538232373387,893288.679245283,75.03438331678252,73.96033972194637,39.900000000000006,9.185404571111455,47.42014742014741,0,-0.37653092049110404,-0.3768771306277985
VRSN,75.51512413108242,1049525.3594836148,76.15663982125125,74.85448649453824,70.22999999999999,17.39427902794681,90.6697767410863,0,-2.075411027299837e-05,0.1327875898123358
VRTX,107.06952830188679,1800779.2949354518,108.7964689860835,105.22254840954275,103.67000000000002,24.795879024574553,102.979818501964,0,0.7514315123740365,0.3102035399680946
VTR,64.72746772591857,2212991.9314796426,65.25118857994042,64.15771996027806,32.52,5.931274880868904,5.614220344948958,0,-0.6816199105063592,-0.6719903713409956
VZ,48.8556504468719,16815282.203574974,49.16044786494538,48.503928301886795,13.689999999999998,2.6566287828782604,8.020408163265305,0,-1.2583893030788489,0.6414085649573891
WAT,136.62124627606752,510557.63654419064,137.64659016881828,135.44962164846078,105.19000000000001,27.29856809324027,94.70872807901632,0,1.2227043973489373,0.05258096934343474
WBA,78.0148560079444,5346100.42999007,78.7214632571996,77.26080168818271,41.11000000000001,8.585521193216342,28.235917358290664,0,-0.4191205993216479,-0.1852952667717331
WDC,78.61350039721945,3552176.6415094337,79.64495561072492,77.58925630585898,78.84,19.315396667938803,-3.8098693759071183,0,-0.028375294670260818,-0.5703081907152794
WEC,54.415287984111224,1843199.2135054618,54.79341012909632,53.971536146971204,29.22,7.481486152907584,63.09845322857848,0,-0.7347427235586552,-0.10619648488011874
WFC,52.26437437934459,18181604.624627605,52.632021350546175,51.88191211519364,17.86,3.643993485821665,34.76232785428698,0,-1.156906295086647,1.0261489387088183
WHR,168.96309831181728,961330.5034756704,170.7172833167825,167.14175650446873,88.31,18.494370868196725,8.0817791450362,0,1.3015416505900477,-0.906513847722114
WLTW,132.78988047808767,792991.4581673307,133.74724900398408,131.58219302788842,56.890000000000015,14.403294934691381,19.74729815638906,0,0.5803293244424057,-0.765808164654262
WM,58.497358490566036,2011212.201588878,58.809321747765644,58.158787686196625,45.89,12.114396852792327,95.24886877828052,0,-0.467317621146911,0.2554186950482437
WMB,36.926762661370404,8361432.758689175,37.44193108242303,36.41474160873883,49.7,12.302209997449546,-20.35005224660398,0,-0.9732918348644912,-0.2678824992462446
WMT,74.57766633565045,8455316.679245284,75.05916941410129,74.09258391261172,43.2,7.919444601681011,25.14256748194146,0,-0.5154450405757763,0.06547757339493927
WRK,50.53319182389937,1678282.2091194969,51.16564755905512,49.87608157480315,35.05,8.286314418763626,-0.2682234143262886,0,-0.8193891245034258,-0.7268483739718702
WU,18.878992055610727,4950959.420059583,19.0417134061569,18.71562174776564,7.42,1.6337496668987885,11.626541397533765,0,-1.5545734041867052,-0.30110189922692543
WY,31.790585898709036,4152800.043694141,32.052166732869914,31.528816186693145,14.469999999999999,2.5011945365488373,12.75983370642788,0,-1.31146579944449,-0.3816631254335429
WYN,81.6354915590864,1144501.8142999008,82.29882730883813,80.91470427010924,55.029999999999994,12.05053311854011,57.60337323177368,0,-0.13753514011452106,-0.2427589534155678
WYNN,130.00804865938431,2612087.668321748,131.89239006951343,128.13325551142006,196.45,47.82863608147451,-14.82772557340608,0,1.8237173566094258,-0.6336135965818206
XEC,115.33491559086394,1172201.1509433961,117.04929523336644,113.55873157894736,73.17000000000002,14.550749844649797,21.378830083565468,0,0.42230376263550257,-0.6536378391610621
XEL,38.33537735849056,2984541.784508441,38.57792413108242,38.0388445878848,24.449999999999996,6.1967119805894955,74.88186114140312,0,-1.006728765603063,0.14074898391895263
XL,36.29146971201589,2222880.980139027,36.5603862959285,35.98421132075472,18.699999999999996,3.6181252937094865,12.51199999999999,0,-1.1801966796456451,-0.555600564312599
XLNX,50.99646971201589,3050131.6285998016,51.44038500496524,50.50928152929494,38.23,9.04200552374736,46.66086578203177,0,-0.7433182182342737,-0.13670597474137855
XOM,87.04904170804369,12298770.501489572,87.63299761668321,86.41839612711024,35.67,7.456473044187548,-16.150375939849624,0,-0.49494637971169914,-0.046651072978708456
XRAY,55.90493545183714,1263296.7547169812,56.34826861966236,55.399045878848064,24.239999999999995,6.340586918102159,37.26021684737281,0,-0.7852734365593391,-0.4270343266052396
XRX,41.11353525322741,2332453.9285004963,41.541519066534256,40.682708738828204,29.76,8.475221456814312,-38.81192275398825,0,-1.0293416683357342,-1.0307002273931427
XYL,43.515228401191656,1159214.0625620654,43.852716385302884,43.14432125124131,38.88,9.7048318598982,99.64871194379394,0,-0.7387000431555617,0.24356134233626964
YUM,76.40221449851043,3225015.9314796426,76.98917586891757,75.79002750744787,35.17999999999999,7.707074321304022,8.682913836729252,0,-0.4830209331829498,-0.5714096988604306
ZBH,110.58690168818272,1349760.218470705,111.45281191658391,109.63777646474678,42.22,10.403532085505528,30.82176929748483,0,0.12947795718138805,-0.5850915968607684
ZION,32.674543197616686,2758079.000993049,33.021438331678254,32.3007682224429,31.840000000000003,7.515071205155653,71.43338954468803,0,-1.023144484459711,0.11538365304619112
ZTS,47.26828003972195,3485038.123138034,47.658172691161866,46.8265862959285,44.4,10.527773385209565,122.62051915945614,0,-0.6469701718853252,0.6752631542866168
